Nº,Dificuldade observada,Causa,Decisão de projeto,Evidência
1,"Na implementação inicial, a média do VPL simulado ficava acima do VPL determinístico, mesmo com riscos desfavoráveis.","Monte Carlo usava um modelo anual simplificado, diferente do modelo mensal determinístico.",Motor único vetorizado: o mesmo código produz o resultado pontual (n = 1) e a simulação (n = 10.000).,test_evteas.py::test_monte_carlo_degenerado_igual_deterministico
2,"TIR reportada como −0,95 em fluxos sem raiz, confundida com um resultado.",A bisseção devolvia o limite do intervalo quando não havia troca de sinal.,"Varredura de malha seguida de bisseção, sempre com diagnóstico (convencional, múltiplas, sem solução).",test_evteas.py::test_tir_sem_solucao_nao_vira_limite_numerico
3,Ecoeficiência igual a zero em projetos com prejuízo.,O numerador era zerado quando o lucro era negativo.,"Ecoeficiência como valor adicionado por impacto (WBCSD, 2000), declarada indefinida se não positivo.",test_evteas.py::test_ecoeficiencia_indefinida_quando_va_negativo
4,RVL e OEE divergiam das fórmulas do Quadro 5.,A RVL era dividida pela receita e a qualidade do OEE era um parâmetro independente.,RVL sobre o custo operacional; qualidade do OEE igual à sobrevivência.,test_social_lean_green.py::test_rvl_segue_formula_do_quadro_5
5,"Rotinas de AHP e TOPSIS existiam, mas não eram chamadas pelo pipeline.",Funções desenvolvidas sem requisito e sem teste que as exigisse.,Rastreabilidade requisito → função → teste; AHP e TOPSIS integrados ao fluxo.,test_evteas.py::test_pipeline_com_pesos_likert_e_ahp
6,"O notebook produzia resultados ao ser executado, antes de o usuário informar o projeto.",Premissas do caso ilustrativo funcionavam como valores padrão silenciosos.,Estudo começa pela entrada de dados; modo novo parte de configuração em branco e recusa pendências.,test_entradas.py::test_modo_novo_nao_aceita_enter_sem_referencia
7,"Valores informados em reais (manutenção, valor residual) mudavam quando o CAPEX era revisto.",Eram convertidos e guardados como percentual do CAPEX.,Valores em reais guardados em reais; percentual apenas quando informado como percentual.,test_revisao_entradas.py::test_valores_em_reais_nao_mudam_com_o_capex
8,Corrigir um bloco de entradas deixava distribuições e blocos dependentes incoerentes.,"Cada bloco era tratado como independente, e as distribuições não acompanhavam o valor determinístico.",Dependências declaradas entre blocos e reposicionamento das distribuições na revisão.,test_revisao_entradas.py::test_corrigir_preco_reposiciona_distribuicao
9,"A rastreabilidade de requisitos revelou funções sociais, de governança e Lean-Green sem teste.","Os testes tinham sido escritos a partir dos cálculos financeiros, e não dos requisitos.","Testes dedicados para RVL, LSO, governança, ODS e Lean-Green.",test_social_lean_green.py::test_lso_e_risco_social
10,"Valores digitados no padrão brasileiro (40.000) eram lidos como 40, sem aviso.",O conversor tratava todo ponto como separador decimal.,"Ponto seguido de grupos de três dígitos é lido como milhar, e o valor interpretado é mostrado.",test_revisao_entradas_2.py::test_ponto_de_milhar_e_formato_sem_notacao_cientifica
11,Um arquivo de entradas incompleto ou de outro tipo era completado com o caso ilustrativo.,Os valores padrão das estruturas de configuração eram os do caso-base.,Leitura a partir de configuração em branco: o que falta vira pendência e obriga a revisão.,test_revisao_entradas_2.py::test_campos_ausentes_nao_viram_caso_ilustrativo
12,Incerteza informada em parâmetros que o motor não amostra não chegava ao resultado.,"O wizard oferecia qualquer parâmetro numérico, mas só nove são lidos de forma vetorizada.","Lista única de variáveis estocásticas, verificada pelo próprio motor.",test_revisao_entradas_2.py::test_parametro_nao_amostrado_nao_e_aceito_no_monte_carlo
