Etapa,Nome,Fase,Produto,Evidências,Situação
1,Identificação do problema,Fase 1 – Imersão bibliográfica,"Produtores e investidores da piscicultura sem instrumento sistemático para avaliar de forma integrada a viabilidade técnica, econômica, ambiental e social de seus empreendimentos.",Seção 1.3,concluída
2,Compreensão do problema,Fase 1 – Imersão bibliográfica,"Causas: variáveis dissimilares (custos, efluentes, aceitação comunitária) sem modelo que pondere dados exatos e critérios qualitativos; estudos em planilhas determinísticas; requisitos de uso extraídos dos notebooks de estudo de viabilidade econômica utilizados pelo autor (entradas, mix, tributos, cooperados).","Seções 1.2, 2.8 a 2.10",concluída
3,Revisão sistemática da literatura,Fase 1 – Imersão bibliográfica,Corpus selecionado pelo protocolo PRISMA e referencial teórico dos três eixos temáticos.,Seções 2.1 a 2.7,concluída
4,Identificação de artefatos e configuração da classe de problemas,Fase 2 – Ciclo DSR,"Classe: modelagem de suporte à decisão multicritério sob incerteza em agroindústrias. Comparação de propriedades com quatro artefatos preexistentes (Wazlawick, 2009).",Seção 2.8.1; dsr.COMPARACAO_ARTEFATOS,concluída
5,Proposição do artefato,Fase 2 – Ciclo DSR,"EVTEAS-Py como instanciação (framework operante) conjugada a um modelo (representação matemática da viabilidade), com requisitos de alto nível rastreáveis.",dsr.REQUISITOS,concluída
6,Design do artefato,Fase 2 – Ciclo DSR,Configuração única (EVTEASConfig) com registro de fontes; motor vetorizado comum às camadas determinística e estocástica; fluxo entrada → processamento → saída → verificação; interface de entrada em blocos.,config.EVTEASConfig; modelo.Contexto; pipeline.motor,primeira iteração concluída
7,Desenvolvimento do artefato,Fase 2 – Ciclo DSR,"Pacote evteas_py com onze módulos, notebook autocontido para o Google Colab e entrada de dados interativa ou por arquivo.",Apêndice A; pipeline.executar_evteas; interface.iniciar_entradas,primeira iteração concluída
8,Avaliação do artefato,Fase 3 – V&V,"Verificação: invariantes a cada execução, suíte de testes automatizados, caso de controle de inviabilidade e revisão independente da entrada de dados. Validação com os dois especialistas a realizar.",vv.validar_invariantes; Apêndice B; dsr.matriz_rastreabilidade,verificação concluída; validação prevista
9,Explicitação das aprendizagens,Fase 3 – V&V,"Registro das dificuldades, dos erros lógicos superados e das decisões de projeto que deles resultaram.",dsr.APRENDIZAGENS,em andamento
10,Conclusão,Fase 3 – V&V,"Síntese dos resultados, do atendimento aos objetivos e das limitações do artefato.",Capítulo 5,versão preliminar
11,Generalização para a classe de problemas,Fase 3 – V&V,"Princípios de projeto transferíveis a outras cadeias agroindustriais, com recalibração dos parâmetros.",Seção 5.5,versão preliminar
12,Comunicação dos resultados,Fase 3 – V&V,"Dissertação, código e testes versionados, notebook executável, arquivo de entradas, relatórios exportados e apêndices com o código-fonte; artigos previstos.",Apêndices A e B; relatorios.exportar,em andamento
