Propriedade,Costa Magalhães (2022),"pyteea (Maier; Weyand, 2025)","AQUA+ (Ramos et al., 2024)","AquaSpace (Gimpel et al., 2018)",EVTEAS-Py
Implementação em Python,sim,sim,não identificado,não identificado,sim
Aplicação à aquicultura,não,não,sim,sim,sim
Avaliação no nível do empreendimento,sim,não identificado,sim,não,sim
Viabilidade técnica do processo produtivo,não identificado,sim,não identificado,não identificado,sim
"Viabilidade econômico-financeira (VPL, TIR)",sim,sim,sim,não identificado,sim
Indicadores ambientais,não identificado,sim,não,sim,sim
Indicadores sociais,não identificado,não identificado,não,sim,sim
"Governança, ESG e Lean Green",não identificado,não identificado,não,não identificado,sim
Simulação estocástica (Monte Carlo),não identificado,não identificado,não identificado,não identificado,sim
Ponderação multicritério com regra de decisão,não identificado,não identificado,não identificado,não identificado,sim
